sample,side,n_cells,olr1_prop_myeloid,mean_OLR1TAM_score
WGC,Left,3876,0.49949545913218973,-0.06383760042903265
JCA,Left,2845,0.4994487320837927,-0.016678208832106675
LS-CRC3,Left,5802,0.5,0.12443301381750324
RS-CRC1,Right,5752,0.5,-0.059455377188196434
R_CRC3,Right,3875,0.4995408631772268,-0.05050439820738762
R_CRC4,Right,4068,0.5,0.023555284735571155
