fold,auc,auc_immune,mean,std,ci_95_lo,ci_95_hi
1,0.9047619047619048,1.0,0.9714285714285715,0.04259177099999598,0.9185439027581372,1.0
2,0.9523809523809524,0.9285714285714286,0.9714285714285715,0.04259177099999598,0.9185439027581372,1.0
3,1.0,1.0,0.9714285714285715,0.04259177099999598,0.9185439027581372,1.0
4,1.0,1.0,0.9714285714285715,0.04259177099999598,0.9185439027581372,1.0
5,1.0,0.8285714285714285,0.9714285714285715,0.04259177099999598,0.9185439027581372,1.0
