fold,auc
1,0.9047619047619048
2,0.9523809523809524
3,1.0
4,1.0
5,1.0
