fold,auc
1,1.0
2,0.9285714285714286
3,1.0
4,1.0
5,0.8285714285714285
