subtype,n,p_vs_rest,mean_att,fdr
Macro,9906,0.0,0.0023032615,0.0
Tgd,905,2.106144291030916e-51,0.0011116035,3.685752509304103e-51
TCD8,6266,0.20067378771453948,0.00027492605,0.20067378771453948
NK,1316,0.020938378533669918,0.00015552095,0.02442810828928157
DC,2682,1.0068562768228934e-25,0.000140669,1.4095987875520509e-25
Mono,5717,2.4719457673509022e-53,5.2947566e-05,5.767873457152106e-53
TCD4,13448,0.0,4.1512867e-06,0.0
