subtype,mean,median,std,n
DC,0.003825307,0.0004465589,0.010549933,353
Macro,0.002234699,9.4213996e-05,0.010058542,5421
TCD8,0.0015456667,4.7161364e-05,0.00742078,4647
NK,0.0007481995,3.0204365e-05,0.0033468746,948
Other,0.0005382327,1.4284389e-05,0.004050495,2119
Tgd,0.00045131423,2.221971e-05,0.0025266781,219
TCD4,5.782482e-05,7.1454565e-06,0.0006661873,6489
Treg,9.779319e-06,5.1332563e-06,5.348435e-05,2943
